"platform","descriptor","status","observed_at","source_url","evidence_url"
"Stripchat","EPOCH.COM*Technius; SegpayEU.com-TechChat; centrobill.com; Webbilling*Technius Ltd; Curo Payments; Technius Ltd","documented","2026-09-21","https://support.stripchat.com/hc/en-us/articles/4410734507665-What-will-appear-on-my-bank-credit-card-statement","https://camranks.com/trust/stripchat-billing-descriptor/"
"Chaturbate","EPOCH.COM","documented","2026-09-21","https://chaturbate.com/billingsupport/","https://camranks.com/trust/chaturbate-billing-descriptor/"
"Streamate","ECHST.NET; EPOCH.COM *ICFTECHNOL; PayPal.com *ICFTECH; PayPal *ICFTECH","documented","2026-09-21","https://streamate.com/support","https://camranks.com/trust/streamate-billing-descriptor/"
"LiveJasmin","Jwsbill.com","verified","2026-09-21","","https://camranks.com/trust/livejasmin-billing-descriptor/"
"Flirt4Free","www.vsm.support","verified","2026-09-21","","https://camranks.com/trust/flirt4free-billing-descriptor/"
"CamSoda","EPOCH.COM *SECURELIVE","documented","2026-09-21","https://www.camsoda.com/support","https://camranks.com/trust/camsoda-billing-descriptor/"
"BongaCams","BNGCM (LPB); SEGPAYEU.COM*SEGPAYBNGCM.COM (SegPay)","verified","2026-09-21","","https://camranks.com/trust/bongacams-billing-descriptor/"
"MyFreeCams","CCBill.com *ActiveSoft; MFCBill.com*Tokens; MFCGate.com*Tokens; SegPay*MFCXY","documented","2026-09-21","https://wiki.myfreecams.com/wiki/Billing_Help","https://camranks.com/trust/myfreecams-billing-descriptor/"
"XLoveCam","AC Webconnecting B.V.","documented","2026-09-21","https://www.xlovecam.com/en/credit/","https://camranks.com/trust/xlovecam-billing-descriptor/"
"Cams.com","Streamray.help","documented","2026-09-21","https://classic.cams.com/go/page/streamray_support.html","https://camranks.com/trust/cams-com-billing-descriptor/"
"IMLive","CCbill.com; CCBilleu.com; SegPay.com","documented","2026-09-21","https://imlive.com/disclaimer.aspx","https://camranks.com/trust/imlive-billing-descriptor/"
"Camera Prive","","not_logged","","","https://camranks.com/trust/camera-prive-billing-descriptor/"
"Cam4","GRANITY ENTERTAINMENT","documented","2026-09-21","https://support.cam4.com/en-us/article/255-billing-support","https://camranks.com/trust/cam4-billing-descriptor/"
"SakuraLive","","not_logged","","","https://camranks.com/trust/sakuralive-billing-descriptor/"
"Xcams","","not_logged","","","https://camranks.com/trust/xcams-billing-descriptor/"
"OléCams","Capitalnex or Nexuscap","documented","2026-09-21","https://www.olecams.com/en/faq","https://camranks.com/trust/olecams-billing-descriptor/"
"Royal Cams","EPOCH; SegPay","documented","2026-09-21","https://royalcams.com/user-faq","https://camranks.com/trust/royal-cams-billing-descriptor/"
"SinParty","SP Billing","documented","2026-09-21","https://sinparty.com/faqs","https://camranks.com/trust/sinparty-billing-descriptor/"
"Sexymeet.tv","","not_logged","","","https://camranks.com/trust/sexymeet-billing-descriptor/"
"Xtease","","not_logged","","","https://camranks.com/trust/xtease-billing-descriptor/"
"Visit-X","","not_logged","","","https://camranks.com/trust/visit-x-billing-descriptor/"
"Oranum","JWS Bill","documented","2026-09-21","https://jwsbill.com/faq","https://camranks.com/trust/oranum-billing-descriptor/"
"FILF","","not_logged","","","https://camranks.com/trust/filf-billing-descriptor/"
"DxLive","","not_logged","","","https://camranks.com/trust/dxlive-billing-descriptor/"
"Maturecams.tv","","not_logged","","","https://camranks.com/trust/maturecams-billing-descriptor/"
"BeiAnrufSex","","not_logged","","","https://camranks.com/trust/beianrufsex-billing-descriptor/"
"XLoveGay","AC Webconnecting B.V.","documented","2026-09-21","https://www.xlovegay.com/en/credit/","https://camranks.com/trust/xlovegay-billing-descriptor/"
"Royal Cams Gay","EPOCH or SegPay","documented","2026-09-21","https://gay.royalcams.com/user-faq","https://camranks.com/trust/royal-cams-gay-billing-descriptor/"
"LoyalFans","","not_logged","","","https://camranks.com/trust/loyalfans-billing-descriptor/"
