"platform","unit","quantity","amount","currency","status","observed_at","country","payment_method","first_purchase_only","max_purchases","pack_note","evidence_url"
"Stripchat","token","45","4.99","USD","observed","2026-09-20","","credit/debit card (primary table); PayPal and crypto also observed","false","","Card · guest UI 2026-09-20","https://camranks.com/pricing/stripchat-tokens/#price-evidence"
"Stripchat","token","90","9.99","USD","observed","2026-09-20","","credit/debit card (primary table); PayPal and crypto also observed","false","","Card · guest UI 2026-09-20","https://camranks.com/pricing/stripchat-tokens/#price-evidence"
"Stripchat","token","200","20.99","USD","observed","2026-09-20","","credit/debit card (primary table); PayPal and crypto also observed","false","","Card · Save $1.21","https://camranks.com/pricing/stripchat-tokens/#price-evidence"
"Stripchat","token","540","49.99","USD","observed","2026-09-20","","credit/debit card (primary table); PayPal and crypto also observed","false","","Card · ULTIMATE OFFER · Save $10","https://camranks.com/pricing/stripchat-tokens/#price-evidence"
"Stripchat","token","765","69.99","USD","observed","2026-09-20","","credit/debit card (primary table); PayPal and crypto also observed","false","","Card · ULTIMATE OFFER · Save $15","https://camranks.com/pricing/stripchat-tokens/#price-evidence"
"Stripchat","token","1350","119.99","USD","observed","2026-09-20","","credit/debit card (primary table); PayPal and crypto also observed","false","","Card · ULTIMATE OFFER · Save $30","https://camranks.com/pricing/stripchat-tokens/#price-evidence"
"Stripchat","token","2350","199.99","USD","observed","2026-09-20","","credit/debit card (primary table); PayPal and crypto also observed","false","","Card · ULTIMATE OFFER · Save $61","https://camranks.com/pricing/stripchat-tokens/#price-evidence"
"Chaturbate","token","50","6.99","USD","observed","2026-09-21","","credit/debit card (Epoch also listed); PayPal, wire, crypto listed","false","","Card · Purchase Tokens 2026-09-21","https://camranks.com/pricing/chaturbate-tokens/#price-evidence"
"Chaturbate","token","100","10.99","USD","observed","2026-09-21","","credit/debit card (Epoch also listed); PayPal, wire, crypto listed","false","","Card","https://camranks.com/pricing/chaturbate-tokens/#price-evidence"
"Chaturbate","token","200","20.99","USD","observed","2026-09-21","","credit/debit card (Epoch also listed); PayPal, wire, crypto listed","false","","Card · 5% Bonus","https://camranks.com/pricing/chaturbate-tokens/#price-evidence"
"Chaturbate","token","400","39.99","USD","observed","2026-09-21","","credit/debit card (Epoch also listed); PayPal, wire, crypto listed","false","","Card · 10% Bonus","https://camranks.com/pricing/chaturbate-tokens/#price-evidence"
"Chaturbate","token","550","49.99","USD","observed","2026-09-21","","credit/debit card (Epoch also listed); PayPal, wire, crypto listed","false","","Card · 21% Bonus","https://camranks.com/pricing/chaturbate-tokens/#price-evidence"
"Chaturbate","token","750","62.99","USD","observed","2026-09-21","","credit/debit card (Epoch also listed); PayPal, wire, crypto listed","false","","Card · 31% Bonus","https://camranks.com/pricing/chaturbate-tokens/#price-evidence"
"Chaturbate","token","1000","79.99","USD","observed","2026-09-21","","credit/debit card (Epoch also listed); PayPal, wire, crypto listed","false","","Card · 37% Bonus","https://camranks.com/pricing/chaturbate-tokens/#price-evidence"
"Streamate","credit","10","19.99","USD","illustrative","","","","false","","Small credit bundle (illustrative)","https://camranks.com/pricing/streamate-tokens/#price-evidence"
"Streamate","credit","25","49.99","USD","illustrative","","","","false","","Mid","https://camranks.com/pricing/streamate-tokens/#price-evidence"
"Streamate","credit","50","89.99","USD","illustrative","","","","false","","Session pack","https://camranks.com/pricing/streamate-tokens/#price-evidence"
"Streamate","credit","100","169.99","USD","illustrative","","","","false","","High-volume","https://camranks.com/pricing/streamate-tokens/#price-evidence"
"LiveJasmin","credit","17.99","23.99","EUR","observed","2026-09-21","","credit/debit card; Paysafecard and CoinGate also listed","false","","Card · one-time cheapest offer also shown","https://camranks.com/pricing/livejasmin-tokens/#price-evidence"
"LiveJasmin","credit","27.99","33.99","EUR","observed","2026-09-21","","credit/debit card; Paysafecard and CoinGate also listed","false","","Card · package selection","https://camranks.com/pricing/livejasmin-tokens/#price-evidence"
"LiveJasmin","credit","67.99","78.99","EUR","observed","2026-09-21","","credit/debit card; Paysafecard and CoinGate also listed","false","","Card · package selection","https://camranks.com/pricing/livejasmin-tokens/#price-evidence"
"LiveJasmin","credit","157.99","177.99","EUR","observed","2026-09-21","","credit/debit card; Paysafecard and CoinGate also listed","false","","Card · package selection","https://camranks.com/pricing/livejasmin-tokens/#price-evidence"
"Flirt4Free","credit","240","18.5","EUR","observed","2026-09-21","","credit or debit card (Visa/Mastercard selected); PayPal/gift card/crypto/PIX/Boleto also listed","true","","Card · first-purchase offer · 60 credits FREE ribbon · 2026-09-21","https://camranks.com/pricing/flirt4free-tokens/#price-evidence"
"Flirt4Free","credit","480","36","EUR","observed","2026-09-21","","credit or debit card (Visa/Mastercard selected); PayPal/gift card/crypto/PIX/Boleto also listed","true","","Card · first-purchase offer · 120 credits FREE ribbon · 2026-09-21","https://camranks.com/pricing/flirt4free-tokens/#price-evidence"
"Flirt4Free","credit","960","71","EUR","observed","2026-09-21","","credit or debit card (Visa/Mastercard selected); PayPal/gift card/crypto/PIX/Boleto also listed","true","","Card · first-purchase offer · 240 credits FREE ribbon · 2026-09-21","https://camranks.com/pricing/flirt4free-tokens/#price-evidence"
"CamSoda","coin","100","9.99","USD","illustrative","","","","false","","Starter","https://camranks.com/pricing/camsoda-tokens/#price-evidence"
"CamSoda","coin","300","24.99","USD","illustrative","","","","false","","Standard","https://camranks.com/pricing/camsoda-tokens/#price-evidence"
"CamSoda","coin","700","49.99","USD","illustrative","","","","false","","Bulk","https://camranks.com/pricing/camsoda-tokens/#price-evidence"
"CamSoda","coin","1600","99.99","USD","illustrative","","","","false","","High-volume","https://camranks.com/pricing/camsoda-tokens/#price-evidence"
"BongaCams","token","166","8.99","EUR","observed","2026-09-21","UA","credit card (LPB selected); SegPay also listed","false","","Card · −10% promo · was €9.99 · +10 first-buy bonus UI","https://camranks.com/pricing/bongacams-tokens/#price-evidence"
"BongaCams","token","472","22.49","EUR","observed","2026-09-21","UA","credit card (LPB selected); SegPay also listed","false","","Card · −10% promo · was €24.99","https://camranks.com/pricing/bongacams-tokens/#price-evidence"
"BongaCams","token","994","44.99","EUR","observed","2026-09-21","UA","credit card (LPB selected); SegPay also listed","false","","Card · −10% promo · was €49.99","https://camranks.com/pricing/bongacams-tokens/#price-evidence"
"BongaCams","token","1270","58.5","EUR","observed","2026-09-21","UA","credit card (LPB selected); SegPay also listed","false","","Card · −10% promo · was €65.00","https://camranks.com/pricing/bongacams-tokens/#price-evidence"
"BongaCams","token","1490","67.49","EUR","observed","2026-09-21","UA","credit card (LPB selected); SegPay also listed","false","","Card · −10% promo · was €74.99","https://camranks.com/pricing/bongacams-tokens/#price-evidence"
"MyFreeCams","token","100","10","USD","illustrative","","","","false","","Exact $0.10","https://camranks.com/pricing/myfreecams-tokens/#price-evidence"
"MyFreeCams","token","500","50","USD","illustrative","","","","false","","Exact $0.10","https://camranks.com/pricing/myfreecams-tokens/#price-evidence"
"MyFreeCams","token","1000","100","USD","illustrative","","","","false","","Exact $0.10","https://camranks.com/pricing/myfreecams-tokens/#price-evidence"
"MyFreeCams","token","2500","250","USD","illustrative","","","","false","","Exact $0.10","https://camranks.com/pricing/myfreecams-tokens/#price-evidence"
